id,first_name,last_name,email,gender,ip_address
1,Kettie,Smissen,ksmissen0@msu.edu,Female,161.123.206.36
2,Gusella,Giscken,ggiscken1@etsy.com,Female,206.32.30.18
3,Franciska,Antognoni,fantognoni2@netvibes.com,Female,154.173.230.135
4,Janel,Lemar,jlemar3@bandcamp.com,Female,58.80.228.85
5,Christoph,Silmon,csilmon4@elegantthemes.com,Male,63.64.255.149
6,Sephira,Ninnotti,sninnotti5@cam.ac.uk,Female,225.129.14.35
7,Selinda,McInteer,smcinteer6@fda.gov,Female,173.11.49.220
8,Dacy,Casillis,dcasillis7@flickr.com,Female,206.80.3.159
9,Lona,Torel,ltorel8@cargocollective.com,Female,188.137.110.3
10,Sena,O'Hartnett,sohartnett9@unesco.org,Female,122.117.72.236
11,Em,Tippings,etippingsa@harvard.edu,Male,204.223.60.129
12,Edsel,Fawcitt,efawcittb@mashable.com,Male,18.180.29.160
13,Libbey,Brockherst,lbrockherstc@wikia.com,Polygender,16.37.171.76
14,Tom,Ely,telyd@123-reg.co.uk,Male,182.57.75.66
15,Alethea,Polye,apolyee@nhs.uk,Female,107.131.135.186
16,Krishna,Maass,kmaassf@youtube.com,Male,192.235.225.253
17,Terrence,Ranking,trankingg@shareasale.com,Male,149.205.183.121
18,Mathian,Witcomb,mwitcombh@twitpic.com,Male,155.123.33.53
19,Urbanus,Derye-Barrett,uderyebarretti@hp.com,Male,58.1.55.96
20,Fidela,Fieldhouse,ffieldhousej@columbia.edu,Female,139.245.165.130
21,Arabele,Menichino,amenichinok@blog.com,Female,144.182.7.33
22,Lolita,Deignan,ldeignanl@vk.com,Female,175.151.57.214
23,Elvis,Sibylla,esibyllam@hugedomains.com,Male,54.19.252.157
24,Katuscha,Wrighton,kwrightonn@unesco.org,Female,241.185.5.169
25,Dietrich,Barnard,dbarnardo@gov.uk,Male,29.231.123.197
26,Ashly,Thame,athamep@ebay.co.uk,Female,82.92.38.251
27,Niki,Kordova,nkordovaq@de.vu,Female,172.188.116.106
28,Ynes,Delacroux,ydelacrouxr@spotify.com,Female,91.30.225.89
29,Webster,Gurner,wgurners@cisco.com,Male,218.90.51.232
30,Terrill,McGreary,tmcgrearyt@phoca.cz,Male,195.243.79.66
31,Sella,Dinjes,sdinjesu@wufoo.com,Female,177.96.202.45
32,Filberto,Rowlett,frowlettv@java.com,Male,166.240.3.250
33,Sarge,Henniger,shennigerw@columbia.edu,Male,80.192.144.138
34,Mahalia,McGragh,mmcgraghx@nytimes.com,Female,2.234.140.176
35,Juline,Nisco,jniscoy@economist.com,Female,236.125.209.197
36,Dare,Maas,dmaasz@reverbnation.com,Male,72.93.54.226
37,Alvira,Blues,ablues10@sbwire.com,Female,28.215.34.59
38,Virginie,Slark,vslark11@comsenz.com,Female,47.108.31.192
39,Lorelei,Twelftree,ltwelftree12@cnet.com,Female,77.7.55.114
40,Amii,Eastby,aeastby13@google.fr,Female,73.214.25.237
41,Lezley,Dandie,ldandie14@friendfeed.com,Male,65.218.21.239
42,Darill,Gabotti,dgabotti15@arizona.edu,Male,209.17.82.148
43,Cherri,Loyndon,cloyndon16@freewebs.com,Female,99.192.83.19
44,Tobe,Kinder,tkinder17@dion.ne.jp,Male,226.133.184.210
45,Stephen,Cauthra,scauthra18@princeton.edu,Male,5.10.9.159
46,Forester,Garlicke,fgarlicke19@digg.com,Male,206.253.156.38
47,Jemmie,Cassedy,jcassedy1a@liveinternet.ru,Female,207.199.74.46
48,Lurleen,Mewrcik,lmewrcik1b@comsenz.com,Female,224.75.208.215
49,Lotta,Rubertelli,lrubertelli1c@tiny.cc,Female,150.24.147.217
50,Valma,Shord,vshord1d@1688.com,Female,7.28.190.0
51,Kevyn,Dungate,kdungate1e@berkeley.edu,Female,188.54.236.36
52,Clay,Barron,cbarron1f@ox.ac.uk,Male,125.177.170.111
53,Vivyan,Southall,vsouthall1g@digg.com,Female,127.17.142.167
54,Carlene,Skeemor,cskeemor1h@acquirethisname.com,Female,245.159.78.115
55,Byrle,Bosson,bbosson1i@simplemachines.org,Male,6.172.244.87
56,Meg,Sambells,msambells1j@yahoo.com,Female,76.74.75.186
57,Pauletta,Charlson,pcharlson1k@nih.gov,Female,245.109.113.57
58,Eulalie,Strut,estrut1l@list-manage.com,Female,145.174.166.184
59,Loreen,Strasse,lstrasse1m@symantec.com,Female,61.153.144.80
60,Marion,Maliffe,mmaliffe1n@bbb.org,Bigender,203.38.195.113
61,Rodrique,Minards,rminards1o@feedburner.com,Male,188.217.172.158
62,Kerri,Thirkettle,kthirkettle1p@dailymotion.com,Female,162.240.67.216
63,Huntington,Cragell,hcragell1q@yellowpages.com,Male,186.229.144.74
64,Terrill,Caulder,tcaulder1r@state.tx.us,Male,13.207.237.241
65,Saunder,Eberst,seberst1s@pbs.org,Male,238.110.94.23
66,Hunfredo,Smee,hsmee1t@shop-pro.jp,Male,88.240.242.237
67,Rosaline,Hawtry,rhawtry1u@psu.edu,Female,63.202.83.206
68,Haywood,Kift,hkift1v@princeton.edu,Male,215.154.185.183
69,Ancell,Magnay,amagnay1w@rakuten.co.jp,Male,247.80.96.150
70,Andreana,Ussher,aussher1x@blogspot.com,Female,41.6.23.49
71,Lance,Petren,lpetren1y@ucsd.edu,Male,91.250.175.131
72,Noelyn,Longden,nlongden1z@wsj.com,Female,38.65.220.25
73,Risa,Bolt,rbolt20@howstuffworks.com,Female,248.135.19.236
74,Roosevelt,Bruniges,rbruniges21@chronoengine.com,Male,240.6.136.24
75,Louisa,Ahrendsen,lahrendsen22@jimdo.com,Female,34.67.248.253
76,Torey,Hymor,thymor23@gnu.org,Male,48.213.136.33
77,Wildon,Lappine,wlappine24@nbcnews.com,Male,211.133.114.184
78,Valdemar,Dubs,vdubs25@tripod.com,Male,141.195.40.34
79,Chaddie,Pidwell,cpidwell26@columbia.edu,Male,194.200.170.11
80,Carmen,Leyshon,cleyshon27@craigslist.org,Female,190.203.228.219
81,Wakefield,Halkyard,whalkyard28@youku.com,Male,45.165.95.80
82,Jaquenetta,Thorington,jthorington29@pen.io,Female,35.124.127.198
83,Prince,Courtois,pcourtois2a@technorati.com,Male,91.67.34.43
84,Sally,McConigal,smcconigal2b@gravatar.com,Female,165.108.227.93
85,Felecia,Greenhill,fgreenhill2c@friendfeed.com,Female,107.157.220.247
86,Timmy,Pottage,tpottage2d@pagesperso-orange.fr,Male,228.224.26.70
87,Olivier,Allday,oallday2e@netvibes.com,Male,240.110.245.101
88,Gerti,Averall,gaverall2f@weebly.com,Female,158.61.246.246
89,Evelyn,Orae,eorae2g@printfriendly.com,Female,62.107.64.131
90,Quintus,Nolleau,qnolleau2h@skype.com,Male,60.56.91.52
91,Martainn,Ragles,mragles2i@craigslist.org,Male,46.237.138.38
92,Roch,Berard,rberard2j@japanpost.jp,Female,178.68.220.38
93,Trenton,Ravenshear,travenshear2k@bloglines.com,Male,79.7.251.138
94,Ozzy,Serrell,oserrell2l@fc2.com,Male,200.128.61.143
95,Clementina,Bursnell,cbursnell2m@yandex.ru,Female,58.46.125.83
96,Alli,Pickring,apickring2n@thetimes.co.uk,Female,188.74.83.67
97,Antoinette,Kupisz,akupisz2o@marketwatch.com,Bigender,82.135.129.43
98,Cirstoforo,Reagan,creagan2p@si.edu,Non-binary,245.133.137.117
99,Valera,Kleine,vkleine2q@miibeian.gov.cn,Female,141.107.132.191
100,Philipa,Hopewell,phopewell2r@plala.or.jp,Female,220.12.149.149
101,Ranique,Poznanski,rpoznanski2s@forbes.com,Bigender,172.117.177.187
102,Jordain,Scamal,jscamal2t@ehow.com,Female,154.7.31.212
103,Cheryl,Firsby,cfirsby2u@simplemachines.org,Female,170.203.91.15
104,Dallas,Tetley,dtetley2v@latimes.com,Bigender,162.169.220.214
105,Darda,Jendrusch,djendrusch2w@blogs.com,Female,45.202.46.245
106,Remy,Cassley,rcassley2x@myspace.com,Female,163.196.54.105
107,Farr,Stearns,fstearns2y@about.com,Male,1.206.34.207
108,Sky,Chilver,schilver2z@123-reg.co.uk,Male,108.189.244.197
109,Rich,Tee,rtee30@unesco.org,Male,33.227.245.251
110,Quincy,Kender,qkender31@twitpic.com,Male,105.198.230.55
111,Elnore,Hedworth,ehedworth32@skype.com,Female,232.247.106.143
112,Stormie,Rubinshtein,srubinshtein33@miibeian.gov.cn,Polygender,20.98.117.24
113,Consalve,Endricci,cendricci34@squarespace.com,Male,100.131.80.91
114,Desiri,Kornousek,dkornousek35@pinterest.com,Female,254.98.240.191
115,Jack,Northeast,jnortheast36@hp.com,Male,151.30.118.132
116,Bran,Ditzel,bditzel37@instagram.com,Male,141.240.66.233
117,Aldon,Probets,aprobets38@digg.com,Male,236.40.156.67
118,Maryjo,Mullally,mmullally39@microsoft.com,Female,35.249.135.5
119,Miof mela,Stood,mstood3a@flickr.com,Female,141.79.186.216
120,Liliane,Gorce,lgorce3b@toplist.cz,Female,133.26.118.24
121,Xymenes,Grainger,xgrainger3c@fda.gov,Male,210.180.214.62
122,Helenelizabeth,Staterfield,hstaterfield3d@wsj.com,Female,115.255.45.215
123,Pierrette,Kingscote,pkingscote3e@cafepress.com,Female,169.34.33.154
124,Montgomery,Frichley,mfrichley3f@123-reg.co.uk,Male,157.189.226.212
125,Ulysses,Harbron,uharbron3g@sohu.com,Male,184.60.222.134
126,Wyn,Braganca,wbraganca3h@dot.gov,Male,3.103.162.12
127,Cristobal,Mullett,cmullett3i@bbc.co.uk,Male,244.222.78.247
128,Vladimir,Canadas,vcanadas3j@ftc.gov,Male,200.53.147.238
129,Stephie,Bennedick,sbennedick3k@tiny.cc,Genderqueer,228.32.126.129
130,Jeanine,Humber,jhumber3l@reuters.com,Female,248.36.150.201
131,Calv,Telezhkin,ctelezhkin3m@facebook.com,Male,181.218.34.57
132,Laina,Amiable,lamiable3n@illinois.edu,Female,93.107.130.148
133,Karissa,Bagehot,kbagehot3o@wikipedia.org,Female,63.67.179.86
134,Eziechiele,Tavernor,etavernor3p@irs.gov,Male,61.246.186.214
135,Dreddy,Huxstep,dhuxstep3q@nps.gov,Female,58.233.232.184
136,Ave,Klejna,aklejna3r@blogs.com,Male,78.237.250.49
137,Stormy,Bein,sbein3s@msu.edu,Genderqueer,194.137.110.53
138,Evie,Rosita,erosita3t@jugem.jp,Female,4.191.134.48
139,Rolland,McLoney,rmcloney3u@wikipedia.org,Bigender,169.62.10.209
140,Kiersten,Volker,kvolker3v@sakura.ne.jp,Female,234.54.116.239
141,Tatum,Panyer,tpanyer3w@theglobeandmail.com,Female,184.163.218.192
142,Agnola,Craighill,acraighill3x@loc.gov,Female,186.113.82.104
143,Mason,Burgiss,mburgiss3y@1und1.de,Male,4.220.164.95
144,Magnum,Kingaby,mkingaby3z@miibeian.gov.cn,Male,72.211.166.191
145,Rollie,Decker,rdecker40@scientificamerican.com,Male,69.132.230.196
146,Enrico,Kilborn,ekilborn41@goo.gl,Male,74.193.70.129
147,Denni,Filipputti,dfilipputti42@zimbio.com,Female,217.24.239.185
148,Willard,D'Antoni,wdantoni43@npr.org,Male,30.238.101.249
149,Candie,Britch,cbritch44@discuz.net,Female,131.106.110.165
150,Angeline,Triebner,atriebner45@hud.gov,Female,144.216.136.238
151,Shelby,Baxster,sbaxster46@dyndns.org,Male,208.76.191.45
152,Coralie,Vockins,cvockins47@stumbleupon.com,Female,106.137.117.52
153,Nappy,Strasse,nstrasse48@newsvine.com,Male,184.25.144.21
154,Thorsten,Wildgoose,twildgoose49@google.ru,Male,226.32.101.62
155,Patty,Ingamells,pingamells4a@xinhuanet.com,Male,203.31.236.44
156,Cissy,Avrahamy,cavrahamy4b@marriott.com,Female,95.41.252.106
157,Petunia,Burtt,pburtt4c@independent.co.uk,Female,60.44.76.26
158,Ashbey,Purcell,apurcell4d@forbes.com,Male,110.71.69.120
159,Cy,Size,csize4e@bbb.org,Genderfluid,141.91.40.138
160,Mitch,Brugsma,mbrugsma4f@google.pl,Male,36.5.168.193
161,Vivianna,Lathwood,vlathwood4g@fastcompany.com,Bigender,172.96.53.86
162,Rutledge,Bernette,rbernette4h@washingtonpost.com,Male,201.86.93.230
163,Eldon,Kettleson,ekettleson4i@buzzfeed.com,Male,2.160.219.29
164,Madelina,Lanfranconi,mlanfranconi4j@newsvine.com,Female,21.105.1.123
165,Bertie,Daniellot,bdaniellot4k@blinklist.com,Male,36.209.10.219
166,Mic,Jordin,mjordin4l@jalbum.net,Male,76.216.140.40
167,Wyatan,Begin,wbegin4m@twitter.com,Male,255.249.240.126
168,Eudora,Minster,eminster4n@yale.edu,Female,12.199.42.235
169,Delano,Kornas,dkornas4o@foxnews.com,Genderqueer,206.83.177.168
170,Carlynn,Beniesh,cbeniesh4p@theguardian.com,Non-binary,151.236.38.221
171,Tobe,Keates,tkeates4q@nps.gov,Male,163.106.192.156
172,Nesta,Roddick,nroddick4r@friendfeed.com,Female,196.209.102.182
173,Lezley,Odom,lodom4s@ask.com,Male,87.133.176.107
174,Standford,McOrkill,smcorkill4t@over-blog.com,Male,107.160.212.249
175,Sven,Matthis,smatthis4u@usa.gov,Male,92.124.136.49
176,Bibi,Biffen,bbiffen4v@sciencedaily.com,Female,135.198.127.38
177,Jerrylee,Crowd,jcrowd4w@hibu.com,Female,24.41.22.113
178,Tiffani,Rein,trein4x@umich.edu,Female,45.104.24.125
179,Amabel,Ould,aould4y@ezinearticles.com,Female,224.188.44.96
180,Lockwood,Scain,lscain4z@diigo.com,Male,229.138.90.67
181,Joshia,Raeburn,jraeburn50@nps.gov,Male,236.2.85.122
182,Marcel,Emtage,memtage51@qq.com,Male,107.111.43.154
183,Ethan,Vardy,evardy52@blogger.com,Male,244.140.96.21
184,Gavan,Oag,goag53@uiuc.edu,Male,60.182.235.101
185,Felisha,Szymonowicz,fszymonowicz54@privacy.gov.au,Genderqueer,216.154.11.124
186,Davidde,Nazair,dnazair55@creativecommons.org,Male,42.202.154.209
187,Silvio,Essery,sessery56@drupal.org,Male,112.245.95.108
188,Judith,Bims,jbims57@scribd.com,Female,145.196.99.120
189,Susan,Yosevitz,syosevitz58@posterous.com,Female,5.82.3.183
190,Stirling,Reinert,sreinert59@artisteer.com,Male,180.152.248.111
191,Clerissa,Gabits,cgabits5a@spiegel.de,Female,33.164.178.245
192,Annetta,Fryett,afryett5b@earthlink.net,Female,109.131.126.212
193,Sandi,Edmans,sedmans5c@paginegialle.it,Female,189.123.33.95
194,Joanne,Janton,jjanton5d@virginia.edu,Female,170.45.221.152
195,Martin,Rankling,mrankling5e@rakuten.co.jp,Male,169.129.235.149
196,Fleurette,Cassam,fcassam5f@prweb.com,Female,106.142.254.193
197,Dunstan,Burgott,dburgott5g@mail.ru,Male,253.192.69.251
198,Serena,Scryne,sscryne5h@plala.or.jp,Female,137.12.69.130
199,Kingston,Ferber,kferber5i@addtoany.com,Male,147.254.41.232
200,Fae,Luca,fluca5j@ask.com,Bigender,193.34.223.135
201,Harris,Lukovic,hlukovic5k@github.com,Male,95.222.145.236
202,Marsiella,Giercke,mgiercke5l@state.gov,Female,161.39.11.138
203,Stu,Bradnum,sbradnum5m@census.gov,Male,157.107.130.152
204,Othelia,Derry,oderry5n@arstechnica.com,Female,100.136.63.14
205,Wally,Mattack,wmattack5o@scribd.com,Female,101.183.146.62
206,Sibeal,Bubbings,sbubbings5p@accuweather.com,Female,83.195.174.229
207,Danella,Joselovitch,djoselovitch5q@icq.com,Female,7.60.116.249
208,Katina,Berkely,kberkely5r@prweb.com,Female,159.60.253.10
209,Zachariah,Render,zrender5s@princeton.edu,Male,155.57.38.203
210,Peyter,Shovlar,pshovlar5t@spotify.com,Male,13.253.239.225
211,Jimmie,Kilfeder,jkilfeder5u@cisco.com,Male,209.103.105.54
212,Kip,Gilloran,kgilloran5v@unesco.org,Female,220.126.98.107
213,Sloan,Scherer,sscherer5w@kickstarter.com,Male,59.192.197.4
214,Jae,Martinovsky,jmartinovsky5x@skyrock.com,Male,6.4.163.87
215,Devy,Askwith,daskwith5y@latimes.com,Male,65.124.34.138
216,Jane,Loomes,jloomes5z@tinyurl.com,Agender,184.114.229.200
217,Quinlan,Somerled,qsomerled60@xinhuanet.com,Male,227.57.10.65
218,Valery,Juden,vjuden61@behance.net,Female,90.233.91.150
219,Quincy,Novkovic,qnovkovic62@e-recht24.de,Male,76.90.12.247
220,Nancee,Ogley,nogley63@imageshack.us,Female,222.86.186.211
221,Kristoforo,Grigor,kgrigor64@cdbaby.com,Male,107.224.233.51
222,Dud,Labrom,dlabrom65@surveymonkey.com,Male,125.1.109.153
223,Lilyan,Bartolomeotti,lbartolomeotti66@netscape.com,Female,202.179.155.194
224,Frederik,Bytheway,fbytheway67@amazon.co.uk,Male,161.8.94.55
225,Marius,Zuanelli,mzuanelli68@jugem.jp,Male,235.151.234.52
226,Stanfield,Moscon,smoscon69@wikispaces.com,Male,142.23.81.56
227,Brinna,Cathie,bcathie6a@yahoo.co.jp,Female,79.64.16.182
228,Itch,Beake,ibeake6b@skype.com,Male,185.25.243.247
229,Cristina,Wollard,cwollard6c@google.de,Female,120.78.209.217
230,Anne-corinne,Ofer,aofer6d@rambler.ru,Female,193.82.130.126
231,Minor,Sloyan,msloyan6e@networksolutions.com,Male,228.255.68.220
232,Lynde,Petrelli,lpetrelli6f@mozilla.org,Female,66.195.37.161
233,Andre,Snare,asnare6g@forbes.com,Bigender,52.176.0.92
234,Erv,Vondrak,evondrak6h@freewebs.com,Male,113.131.43.110
235,Christan,Winsome,cwinsome6i@ezinearticles.com,Female,172.106.166.107
236,Arlyne,Careless,acareless6j@trellian.com,Female,34.164.100.220
237,Merle,Matias,mmatias6k@studiopress.com,Female,158.171.178.229
238,Judi,Firidolfi,jfiridolfi6l@indiegogo.com,Female,247.179.14.144
239,Erica,Ledwidge,eledwidge6m@merriam-webster.com,Female,176.120.81.93
240,Torie,Comizzoli,tcomizzoli6n@360.cn,Female,142.159.170.14
241,Henri,Baillie,hbaillie6o@eventbrite.com,Male,150.50.138.146
242,Marnia,Aitkin,maitkin6p@pbs.org,Female,91.23.195.165
243,Mallorie,Dowell,mdowell6q@4shared.com,Female,113.231.198.71
244,Wolf,Iorizzi,wiorizzi6r@blogger.com,Male,166.228.247.95
245,Quintin,Whitworth,qwhitworth6s@ebay.com,Male,75.130.111.50
246,Egon,Girt,egirt6t@domainmarket.com,Male,63.235.42.64
247,Audre,Cod,acod6u@tiny.cc,Female,50.79.66.226
248,Tally,Klein,tklein6v@nhs.uk,Male,45.248.109.57
249,Lari,Dennistoun,ldennistoun6w@archive.org,Female,93.13.104.199
250,Killie,Cristofano,kcristofano6x@nyu.edu,Male,155.30.233.22
251,Felicdad,Adnett,fadnett6y@buzzfeed.com,Non-binary,177.100.237.12
252,Gladys,Beverstock,gbeverstock6z@gnu.org,Female,38.189.7.218
253,Tom,Casone,tcasone70@blogs.com,Male,57.154.174.114
254,Joanne,Baughen,jbaughen71@ucla.edu,Female,130.87.193.118
255,Abba,McKomb,amckomb72@npr.org,Male,0.148.241.117
256,Savina,Fenix,sfenix73@wsj.com,Female,248.120.192.207
257,Eden,McGurk,emcgurk74@cnet.com,Female,155.129.15.75
258,Rob,Riseley,rriseley75@loc.gov,Male,138.28.173.155
259,Aharon,Corragan,acorragan76@prnewswire.com,Male,241.170.103.62
260,Milli,Locket,mlocket77@google.ca,Female,147.90.65.33
261,Melodee,Sculley,msculley78@sohu.com,Genderfluid,232.32.177.134
262,Mahalia,McGlue,mmcglue79@howstuffworks.com,Female,176.112.215.205
263,Olympia,McCowan,omccowan7a@flickr.com,Female,59.220.253.165
264,Melisande,Mazzeo,mmazzeo7b@ibm.com,Female,136.73.33.213
265,Filippa,Peris,fperis7c@newsvine.com,Female,1.255.76.180
266,Lawry,Tames,ltames7d@bloglines.com,Male,224.9.90.20
267,Keir,Atyeo,katyeo7e@fema.gov,Male,190.108.49.226
268,Janeva,Thurner,jthurner7f@sciencedaily.com,Female,152.71.243.135
269,Gawain,Duding,gduding7g@exblog.jp,Male,87.159.142.162
270,Archaimbaud,Neggrini,aneggrini7h@wordpress.com,Male,160.31.103.56
271,Anderea,Guillou,aguillou7i@photobucket.com,Female,223.238.21.167
272,Egbert,Janes,ejanes7j@nbcnews.com,Male,110.189.224.127
273,Claude,Evesque,cevesque7k@newsvine.com,Female,44.5.20.215
274,Winona,Korous,wkorous7l@moonfruit.com,Female,246.132.190.216
275,Evangelia,Bourrel,ebourrel7m@utexas.edu,Female,28.71.208.9
276,Sylvan,Jeacop,sjeacop7n@mapquest.com,Male,168.50.40.80
277,Alicia,Rosenbush,arosenbush7o@geocities.com,Female,47.184.103.255
278,Dolorita,Hulatt,dhulatt7p@ebay.com,Female,140.191.216.69
279,Glyn,Clendening,gclendening7q@imgur.com,Male,78.152.83.72
280,Richard,Quarrie,rquarrie7r@unicef.org,Male,44.212.201.164
281,Dyana,Roggero,droggero7s@list-manage.com,Female,218.140.105.72
282,Rachele,Cadman,rcadman7t@businessinsider.com,Female,29.200.134.226
283,Norina,Westraw,nwestraw7u@networksolutions.com,Female,245.54.237.216
284,Stace,Scrase,sscrase7v@theatlantic.com,Female,10.164.170.202
285,Carissa,Woan,cwoan7w@friendfeed.com,Female,13.213.173.5
286,Danni,Jans,djans7x@typepad.com,Non-binary,117.155.111.104
287,Bernardo,Baline,bbaline7y@earthlink.net,Genderfluid,238.138.42.95
288,Adara,Sapshed,asapshed7z@sina.com.cn,Female,165.85.163.209
289,Collie,O'Kerin,cokerin80@sogou.com,Female,86.223.24.52
290,Sol,Rudwell,srudwell81@loc.gov,Male,209.218.248.59
291,Darbie,Morville,dmorville82@hao123.com,Female,224.99.236.53
292,Wendy,Juszczyk,wjuszczyk83@vk.com,Female,212.133.0.89
293,Loni,Pauls,lpauls84@businessweek.com,Female,186.181.131.72
294,Rosco,Edelheid,redelheid85@columbia.edu,Male,36.53.41.85
295,Mirabella,Grazier,mgrazier86@nhs.uk,Agender,193.79.37.174
296,Salomi,Byer,sbyer87@imdb.com,Female,131.77.121.116
297,Mirelle,Pfaffel,mpfaffel88@scribd.com,Female,237.42.198.230
298,Nickola,Balog,nbalog89@altervista.org,Male,87.239.134.97
299,Linn,Barrowcliff,lbarrowcliff8a@smugmug.com,Female,37.154.142.174
300,Carey,O'Glessane,coglessane8b@army.mil,Male,239.133.233.133
301,Midge,Tatlock,mtatlock8c@slate.com,Female,235.178.66.36
302,Terri,Conkay,tconkay8d@canalblog.com,Female,133.251.223.220
303,Scotty,Hanwright,shanwright8e@blogspot.com,Male,217.138.48.209
304,Lanni,Bridgman,lbridgman8f@rediff.com,Polygender,148.231.16.187
305,Murielle,Littrell,mlittrell8g@dropbox.com,Female,120.161.87.125
306,Ashien,Dinnage,adinnage8h@aol.com,Female,250.246.208.155
307,Gilburt,Finder,gfinder8i@walmart.com,Genderqueer,78.40.250.26
308,Mead,Rosensaft,mrosensaft8j@yahoo.co.jp,Female,1.163.123.153
309,Daniela,Forder,dforder8k@home.pl,Female,182.61.211.129
310,Marv,Reeves,mreeves8l@dyndns.org,Male,145.80.147.86
311,Beulah,Moreby,bmoreby8m@bravesites.com,Female,237.35.215.114
312,Thorvald,Haslen,thaslen8n@flickr.com,Male,9.225.35.172
313,Piper,MacRitchie,pmacritchie8o@patch.com,Female,20.64.128.121
314,Catina,Forcer,cforcer8p@cnet.com,Female,164.122.9.143
315,Estell,Tattersfield,etattersfield8q@shareasale.com,Female,115.186.55.207
316,D'arcy,Lamble,dlamble8r@wiley.com,Polygender,237.230.15.156
317,Gabriel,Bebbington,gbebbington8s@theguardian.com,Male,69.211.254.213
318,Bram,Clamp,bclamp8t@auda.org.au,Male,205.102.147.212
319,Valle,Silkston,vsilkston8u@etsy.com,Male,76.23.114.51
320,Christy,O'Regan,coregan8v@shareasale.com,Male,96.37.223.73
321,Aland,Axtell,aaxtell8w@google.de,Male,188.137.90.102
322,Lon,Vickors,lvickors8x@dell.com,Male,47.221.194.69
323,Sondra,Ambrogini,sambrogini8y@xinhuanet.com,Female,195.148.176.251
324,Sandie,Oneal,soneal8z@weibo.com,Female,215.54.200.231
325,Nell,Gayne,ngayne90@shinystat.com,Female,30.95.40.94
326,Wendie,Higgonet,whiggonet91@ow.ly,Female,190.174.217.81
327,Gretta,Ceschelli,gceschelli92@youtu.be,Genderfluid,209.57.115.209
328,Tommy,Camblin,tcamblin93@wikia.com,Male,125.17.80.88
329,Osgood,McMurthy,omcmurthy94@goodreads.com,Male,140.69.142.58
330,Vikky,Vell,vvell95@tripadvisor.com,Female,226.223.89.81
331,Felice,Waghorn,fwaghorn96@intel.com,Male,25.183.187.116
332,Cobb,McConaghy,cmcconaghy97@vinaora.com,Male,154.221.224.94
333,Bertrand,MacConchie,bmacconchie98@businessweek.com,Male,236.205.139.160
334,Olympia,Dunk,odunk99@loc.gov,Female,125.5.207.175
335,Sig,Sarginson,ssarginson9a@scribd.com,Male,48.23.248.84
336,Milt,Prinne,mprinne9b@columbia.edu,Male,148.150.151.208
337,Burke,Charlton,bcharlton9c@bloglines.com,Male,250.180.241.202
338,Emlynn,Hasnip,ehasnip9d@ow.ly,Female,54.213.251.91
339,Rosamund,Snazel,rsnazel9e@bigcartel.com,Female,117.76.25.227
340,Merrily,Edel,medel9f@t-online.de,Female,252.135.4.194
341,Redford,Crellin,rcrellin9g@deviantart.com,Male,171.221.223.72
342,Maximilian,Gregori,mgregori9h@ox.ac.uk,Male,140.23.218.167
343,Purcell,Goozee,pgoozee9i@shinystat.com,Male,92.165.43.211
344,Shelia,Loton,sloton9j@unblog.fr,Female,150.195.250.247
345,Barnie,Teenan,bteenan9k@yellowpages.com,Male,82.48.144.242
346,Charla,Jagiela,cjagiela9l@wix.com,Female,57.90.128.28
347,Rodie,Klishin,rklishin9m@pcworld.com,Female,14.80.190.182
348,Cami,Dickon,cdickon9n@trellian.com,Bigender,56.143.141.65
349,Krishnah,Jays,kjays9o@mac.com,Male,114.241.160.0
350,Marrilee,Yarnall,myarnall9p@nytimes.com,Female,90.158.37.215
351,Ody,Ansty,oansty9q@deliciousdays.com,Male,201.100.53.168
352,Rania,Jelf,rjelf9r@businesswire.com,Female,217.164.79.203
353,Amaleta,Harrod,aharrod9s@sohu.com,Female,113.3.110.251
354,Les,Stansall,lstansall9t@hatena.ne.jp,Male,75.88.147.96
355,Zollie,Fairleigh,zfairleigh9u@diigo.com,Male,195.210.123.113
356,Darcee,Ivashinnikov,divashinnikov9v@wordpress.org,Polygender,9.110.35.18
357,Gabriellia,McAuslan,gmcauslan9w@time.com,Female,153.227.71.200
358,Mick,Fiddeman,mfiddeman9x@joomla.org,Male,149.193.138.228
359,Win,Astie,wastie9y@tmall.com,Male,214.213.134.77
360,Pammi,O'Sirin,posirin9z@webnode.com,Female,124.139.239.211
361,Launce,Pressland,lpresslanda0@rambler.ru,Male,165.45.30.14
362,Ondrea,Fossett,ofossetta1@umn.edu,Female,17.223.207.127
363,Wait,Mullett,wmulletta2@sciencedirect.com,Male,19.82.94.210
364,Natala,Mulbery,nmulberya3@hao123.com,Female,148.127.249.230
365,Valentine,Dukes,vdukesa4@umn.edu,Male,120.39.241.134
366,Renaud,Hewlings,rhewlingsa5@blogs.com,Male,113.41.52.125
367,Rowen,Broadstock,rbroadstocka6@illinois.edu,Male,173.2.235.119
368,Erik,Hasnip,ehasnipa7@intel.com,Male,254.61.94.207
369,Abie,MacNab,amacnaba8@walmart.com,Male,239.15.169.243
370,Isa,Pilger,ipilgera9@independent.co.uk,Male,106.239.56.111
371,Letty,Stacy,lstacyaa@blog.com,Female,6.233.105.4
372,Gianna,Cornu,gcornuab@guardian.co.uk,Female,205.4.231.251
373,Tomkin,Kirkland,tkirklandac@marriott.com,Male,31.124.154.75
374,Naomi,Rodenburg,nrodenburgad@gnu.org,Female,239.53.154.115
375,Di,Pomroy,dpomroyae@springer.com,Female,124.13.19.231
376,Prescott,Lanceley,planceleyaf@umich.edu,Male,247.172.81.81
377,Anabelle,Ginnane,aginnaneag@artisteer.com,Genderfluid,254.28.141.123
378,Aurore,Dibdin,adibdinah@ucla.edu,Female,13.83.28.235
379,Drusilla,Downs,ddownsai@topsy.com,Female,89.163.36.251
380,Aksel,Barefoot,abarefootaj@posterous.com,Male,120.186.239.238
381,Dorri,Paradin,dparadinak@google.it,Female,75.80.172.116
382,Westbrook,Kildale,wkildaleal@reverbnation.com,Male,106.85.109.98
383,Chelsea,Howse,chowseam@sciencedaily.com,Female,219.116.47.191
384,Viola,Brugh,vbrughan@amazonaws.com,Female,192.8.23.84
385,Rem,Maddrell,rmaddrellao@so-net.ne.jp,Bigender,34.185.84.207
386,Gael,Townby,gtownbyap@ihg.com,Female,172.119.9.63
387,Raymond,Torpie,rtorpieaq@wordpress.org,Genderqueer,180.190.16.54
388,Horatio,Heino,hheinoar@eepurl.com,Bigender,99.217.88.164
389,Feodor,Teesdale,fteesdaleas@mapquest.com,Male,75.70.102.199
390,Danette,Jarritt,djarrittat@marriott.com,Female,147.218.192.21
391,Ode,Ryhorovich,oryhorovichau@spiegel.de,Male,255.78.229.189
392,Lindi,Lyst,llystav@dell.com,Female,72.153.125.0
393,Ana,Everington,aeveringtonaw@topsy.com,Female,136.105.99.85
394,Dalia,Bernardon,dbernardonax@nbcnews.com,Female,92.124.131.176
395,Jobyna,Castles,jcastlesay@moonfruit.com,Female,92.70.196.142
396,Leon,Lang,llangaz@ask.com,Male,160.250.34.83
397,Bernardo,Scripture,bscriptureb0@imageshack.us,Male,118.186.36.189
398,Glenna,Harvard,gharvardb1@amazon.de,Female,167.68.240.221
399,Tressa,Apted,taptedb2@usgs.gov,Female,80.94.92.249
400,Obadias,Lockhart,olockhartb3@economist.com,Male,127.149.151.99
401,Mata,Sparkwill,msparkwillb4@technorati.com,Male,59.190.83.136
402,Guy,Atcheson,gatchesonb5@cloudflare.com,Male,187.44.164.166
403,Kirbee,Bourgeois,kbourgeoisb6@cbslocal.com,Female,63.67.123.252
404,Morten,Reddings,mreddingsb7@topsy.com,Male,206.33.126.55
405,Edmund,Goodbourn,egoodbournb8@storify.com,Male,48.106.4.16
406,Rhea,Antonetti,rantonettib9@springer.com,Female,178.101.170.105
407,Gayle,Sempill,gsempillba@hexun.com,Female,24.115.101.33
408,Philomena,Deegin,pdeeginbb@whitehouse.gov,Female,73.229.30.16
409,Sigismundo,Willerton,swillertonbc@mac.com,Male,12.56.81.6
410,Lynn,Beardow,lbeardowbd@symantec.com,Male,71.61.208.90
411,Constantino,Wykey,cwykeybe@sourceforge.net,Male,29.131.133.98
412,Sib,Semper,ssemperbf@cornell.edu,Female,245.38.200.126
413,Sigismondo,Red,sredbg@cnn.com,Male,0.84.22.2
414,Friederike,Parmeter,fparmeterbh@mozilla.com,Female,229.118.231.72
415,Delaney,Silk,dsilkbi@topsy.com,Male,112.245.127.134
416,Portia,Charter,pcharterbj@t-online.de,Female,89.75.204.113
417,Jolene,Paulus,jpaulusbk@rambler.ru,Female,165.79.221.246
418,Randy,Hambridge,rhambridgebl@businesswire.com,Male,201.158.210.64
419,Traver,Danat,tdanatbm@cbsnews.com,Male,19.183.108.106
420,Lindsay,Northidge,lnorthidgebn@feedburner.com,Female,235.83.133.126
421,Brig,Bohlje,bbohljebo@cnet.com,Male,107.133.94.13
422,Clareta,Wrates,cwratesbp@live.com,Non-binary,252.118.80.42
423,Ethyl,Larter,elarterbq@about.me,Female,189.66.102.51
424,Katusha,Moughton,kmoughtonbr@sakura.ne.jp,Female,160.162.101.89
425,Geoffry,Noads,gnoadsbs@hubpages.com,Agender,28.210.104.91
426,Kimball,Moore,kmoorebt@imageshack.us,Male,201.185.34.46
427,Paulita,Bernardos,pbernardosbu@sfgate.com,Female,196.9.71.130
428,Hanan,O'Fairy,hofairybv@europa.eu,Male,44.112.200.251
429,Glenn,Hise,ghisebw@naver.com,Male,182.80.70.35
430,Sheppard,Phillp,sphillpbx@walmart.com,Male,8.187.234.87
431,Conrado,De Fries,cdefriesby@bloglovin.com,Male,160.139.32.10
432,Fredrika,Bellelli,fbellellibz@nytimes.com,Female,116.112.93.1
433,Bob,Daish,bdaishc0@usgs.gov,Male,175.19.233.203
434,Sigmund,Deshorts,sdeshortsc1@unesco.org,Male,32.108.33.80
435,Lizabeth,Dulin,ldulinc2@uol.com.br,Female,35.188.206.202
436,Joey,MacGorrie,jmacgorriec3@illinois.edu,Male,12.50.104.171
437,Worthington,Castellini,wcastellinic4@businesswire.com,Male,121.186.239.247
438,Tadeas,Doe,tdoec5@ed.gov,Male,93.229.101.25
439,Hertha,Elie,heliec6@plala.or.jp,Female,198.89.147.197
440,Marys,Castagna,mcastagnac7@msu.edu,Female,53.226.201.135
441,Gabrielle,Greir,ggreirc8@youtube.com,Female,4.105.121.5
442,Fred,Methuen,fmethuenc9@histats.com,Genderqueer,91.235.53.39
443,Denys,Knoton,dknotonca@independent.co.uk,Female,189.13.195.145
444,Dave,Massow,dmassowcb@pen.io,Male,109.6.219.39
445,See,McJury,smcjurycc@canalblog.com,Male,241.33.44.131
446,Delmer,Hosten,dhostencd@cpanel.net,Male,217.25.187.128
447,Fletch,Kingerby,fkingerbyce@mozilla.org,Male,150.249.143.96
448,Daron,Franchyonok,dfranchyonokcf@eventbrite.com,Male,201.217.100.13
449,Cati,Castellino,ccastellinocg@ycombinator.com,Female,202.205.2.151
450,Jami,Motten,jmottench@slate.com,Genderfluid,129.185.179.54
451,Millisent,Claibourn,mclaibournci@apple.com,Female,117.132.103.161
452,Fabien,Johl,fjohlcj@yellowbook.com,Male,105.58.76.208
453,Ulrick,Casiero,ucasierock@ihg.com,Male,68.199.189.93
454,Zach,Gallimore,zgallimorecl@youtu.be,Male,57.185.195.26
455,Tirrell,Mooring,tmooringcm@mit.edu,Male,210.77.203.77
456,Allianora,Shimwell,ashimwellcn@samsung.com,Female,52.92.179.41
457,Katherina,Heustace,kheustaceco@alibaba.com,Female,125.21.55.63
458,Keefer,Goggey,kgoggeycp@bloomberg.com,Male,252.42.237.168
459,Stewart,Cleare,sclearecq@cocolog-nifty.com,Male,238.215.194.57
460,Claribel,Oxx,coxxcr@auda.org.au,Non-binary,183.82.87.55
461,Elmo,Poxson,epoxsoncs@instagram.com,Male,53.100.118.157
462,Fabian,Kiessel,fkiesselct@census.gov,Male,5.145.113.169
463,Kara,Fielden,kfieldencu@usnews.com,Female,188.184.178.96
464,Meggie,Ferneyhough,mferneyhoughcv@dell.com,Female,241.224.164.4
465,Klarrisa,Chaffey,kchaffeycw@sitemeter.com,Female,131.242.36.198
466,Terri-jo,Borthe,tborthecx@cnet.com,Female,94.188.251.4
467,Richard,Alabastar,ralabastarcy@statcounter.com,Male,228.55.47.18
468,Jarvis,Piercy,jpiercycz@nps.gov,Male,14.74.213.51
469,Franny,Raynham,fraynhamd0@blogger.com,Female,185.117.107.177
470,Gloria,Di Franceschi,gdifranceschid1@bizjournals.com,Female,68.50.39.189
471,Sofie,Matthewson,smatthewsond2@comsenz.com,Female,248.179.168.246
472,Beauregard,Walker,bwalkerd3@furl.net,Genderfluid,208.8.5.175
473,Garfield,Capelow,gcapelowd4@mediafire.com,Male,201.81.55.102
474,Natasha,Bottrill,nbottrilld5@liveinternet.ru,Genderqueer,5.4.39.46
475,Lazar,Margerrison,lmargerrisond6@unicef.org,Male,118.63.235.27
476,Fayth,Mabbot,fmabbotd7@weather.com,Female,241.252.156.27
477,Donielle,Stops,dstopsd8@csmonitor.com,Female,228.198.34.104
478,Leontine,Weiner,lweinerd9@moonfruit.com,Female,32.35.83.79
479,Ogdon,Kobera,okoberada@1und1.de,Male,177.236.57.250
480,Cornelius,Barratt,cbarrattdb@123-reg.co.uk,Male,166.78.122.251
481,Lawton,How,lhowdc@nydailynews.com,Male,48.88.29.103
482,Burl,Baudry,bbaudrydd@imgur.com,Male,48.206.134.38
483,Jamil,McTurlough,jmcturloughde@discovery.com,Male,94.63.247.135
484,Collie,Snedker,csnedkerdf@hc360.com,Female,43.17.80.76
485,Eric,Dami,edamidg@narod.ru,Male,62.210.243.108
486,Kincaid,Frewer,kfrewerdh@cyberchimps.com,Male,207.41.62.239
487,Jacklyn,de Almeida,jdealmeidadi@cpanel.net,Genderfluid,118.179.50.158
488,Dilan,Sign,dsigndj@ycombinator.com,Male,252.39.42.217
489,Lark,Josse,ljossedk@wufoo.com,Female,114.20.188.60
490,Eimile,McCooke,emccookedl@1688.com,Female,231.124.188.68
491,Gregg,Treadgall,gtreadgalldm@guardian.co.uk,Male,155.165.144.187
492,Fran,Hilley,fhilleydn@ehow.com,Male,168.63.145.82
493,Mercedes,Zorzini,mzorzinido@bloglines.com,Polygender,183.99.16.46
494,Mirabella,Coxon,mcoxondp@auda.org.au,Genderfluid,121.184.139.12
495,Kara,Grunnill,kgrunnilldq@clickbank.net,Female,62.58.73.91
496,Fey,Saveall,fsavealldr@livejournal.com,Female,61.130.144.78
497,Sharlene,Vasilchenko,svasilchenkods@nytimes.com,Agender,75.0.165.172
498,Aeriel,Seakings,aseakingsdt@topsy.com,Female,252.146.137.2
499,Zola,Stithe,zstithedu@weebly.com,Female,91.79.33.198
500,Remy,Joberne,rjobernedv@uol.com.br,Female,30.114.133.71
501,Antoinette,Bamling,abamlingdw@state.tx.us,Genderfluid,159.106.235.118
502,Mile,Judge,mjudgedx@issuu.com,Male,120.40.101.207
503,Brody,Beau,bbeaudy@archive.org,Male,99.120.147.192
504,Titus,Hedman,thedmandz@senate.gov,Male,8.121.254.78
505,Michel,Palek,mpaleke0@purevolume.com,Female,149.102.239.87
506,Dall,Laxe,dlaxee1@sourceforge.net,Male,196.190.34.126
507,Vladimir,Ottawell,vottawelle2@nhs.uk,Male,233.120.123.157
508,Delphine,Shepheard,dshephearde3@istockphoto.com,Female,103.237.214.22
509,Lissy,Kaser,lkasere4@archive.org,Female,156.14.86.36
510,Serene,Vodden,svoddene5@hubpages.com,Female,70.100.87.165
511,Bernhard,Vany,bvanye6@mozilla.com,Agender,6.168.27.73
512,Archie,Brake,abrakee7@opensource.org,Male,130.25.101.117
513,Elise,Ardley,eardleye8@alibaba.com,Female,192.85.136.53
514,Grantham,Rosbottom,grosbottome9@networkadvertising.org,Male,53.121.152.162
515,Alphard,Hacking,ahackingea@rediff.com,Male,108.84.213.43
516,Estevan,Hablot,ehabloteb@altervista.org,Male,119.244.46.22
517,Tracey,Lothean,tlotheanec@princeton.edu,Female,189.4.155.101
518,Cort,McGlue,cmcglueed@blogger.com,Male,192.162.34.127
519,Cordy,Titterrell,ctitterrellee@stanford.edu,Non-binary,50.1.253.98
520,Jorgan,Kingswold,jkingswoldef@hud.gov,Male,206.183.40.246
521,Cayla,Sobtka,csobtkaeg@indiatimes.com,Female,218.99.175.207
522,Judah,Freeland,jfreelandeh@google.fr,Male,47.15.205.33
523,Clerc,Bosch,cboschei@dailymail.co.uk,Male,165.88.12.152
524,Dollie,Fattorini,dfattoriniej@howstuffworks.com,Female,12.74.11.172
525,Hartwell,Phonix,hphonixek@printfriendly.com,Male,36.170.223.105
526,Darleen,Lenglet,dlengletel@yandex.ru,Female,133.253.246.51
527,Rick,Cochet,rcochetem@shutterfly.com,Male,223.26.125.187
528,Gray,MacFadzan,gmacfadzanen@huffingtonpost.com,Male,185.61.51.231
529,Somerset,Emeline,semelineeo@cdbaby.com,Male,252.20.142.214
530,Mable,Jan,mjanep@aol.com,Female,161.252.197.81
531,Stepha,Ferby,sferbyeq@mail.ru,Female,101.62.103.124
532,Roseanne,Tomsen,rtomsener@npr.org,Female,29.20.76.133
533,Dusty,Surphliss,dsurphlisses@webs.com,Genderqueer,184.66.142.200
534,Bobbi,Mottershead,bmottersheadet@intel.com,Female,245.43.77.228
535,Ash,Matchitt,amatchitteu@123-reg.co.uk,Male,67.158.236.16
536,Trefor,Steane,tsteaneev@trellian.com,Male,184.7.163.104
537,Roxie,Olivera,roliveraew@nyu.edu,Female,231.193.89.190
538,Skelly,Jovasevic,sjovasevicex@ed.gov,Male,129.170.116.223
539,Caroline,McMorran,cmcmorraney@businessweek.com,Female,18.37.89.103
540,Eldon,Chillistone,echillistoneez@naver.com,Male,196.239.205.17
541,Michel,Lively,mlivelyf0@baidu.com,Female,90.83.208.34
542,Clarance,Boichat,cboichatf1@drupal.org,Male,90.216.54.93
543,Anette,Janoch,ajanochf2@wix.com,Agender,133.15.107.230
544,Ignacius,MacRierie,imacrierief3@statcounter.com,Male,68.111.2.104
545,Cornie,Burt,cburtf4@sfgate.com,Female,240.126.70.199
546,Hephzibah,Taborre,htaborref5@va.gov,Female,178.72.166.196
547,Saleem,Blabie,sblabief6@weibo.com,Male,82.209.29.43
548,Tobin,Nealand,tnealandf7@comcast.net,Male,246.180.103.17
549,Umberto,Bradie,ubradief8@simplemachines.org,Male,56.178.188.114
550,Theo,Whettleton,twhettletonf9@facebook.com,Male,28.228.73.216
551,Eduardo,Ridder,eridderfa@ameblo.jp,Male,40.199.164.207
552,Fayth,Betje,fbetjefb@wired.com,Genderfluid,198.182.48.126
553,Kellie,Fleischer,kfleischerfc@msu.edu,Female,13.65.10.208
554,Riane,Vassbender,rvassbenderfd@ifeng.com,Female,15.5.194.8
555,Nevin,Boynton,nboyntonfe@multiply.com,Male,3.169.5.126
556,Wallis,Gianullo,wgianulloff@networksolutions.com,Female,53.6.47.253
557,Cornela,Hedman,chedmanfg@lycos.com,Female,20.90.60.144
558,Hortense,Shailer,hshailerfh@auda.org.au,Female,206.70.91.204
559,Shayne,Aggott,saggottfi@bbb.org,Male,223.247.95.189
560,Phedra,MacKessock,pmackessockfj@123-reg.co.uk,Female,187.238.219.37
561,Giraldo,Pattisson,gpattissonfk@gov.uk,Male,1.134.240.109
562,Kermit,Browne,kbrownefl@census.gov,Male,22.190.101.217
563,Chelsy,Novik,cnovikfm@twitpic.com,Female,254.20.66.243
564,Avis,Cockshut,acockshutfn@ed.gov,Female,175.181.172.165
565,Zara,Lavell,zlavellfo@geocities.jp,Female,226.143.229.218
566,Verine,Bucklee,vbuckleefp@reverbnation.com,Female,160.238.242.179
567,Egon,Cicchelli,ecicchellifq@instagram.com,Male,223.107.251.225
568,Colly,Smiley,csmileyfr@vk.com,Female,7.221.61.233
569,Sallyann,Winckles,swincklesfs@free.fr,Female,111.108.222.170
570,Winfred,Goward,wgowardft@gmpg.org,Male,202.195.182.163
571,Corrine,Van Schafflaer,cvanschafflaerfu@aboutads.info,Female,124.235.122.161
572,Chase,Ayre,cayrefv@mit.edu,Male,227.50.152.173
573,Benita,D'Alesco,bdalescofw@topsy.com,Genderqueer,206.152.132.23
574,Boyce,Stailey,bstaileyfx@ebay.co.uk,Non-binary,90.134.7.243
575,Sisile,Furmonger,sfurmongerfy@mapquest.com,Female,42.254.173.132
576,Aloysius,McGarry,amcgarryfz@wikipedia.org,Male,141.129.160.202
577,Fin,Ricardou,fricardoug0@fc2.com,Male,34.135.113.92
578,Dionysus,Creelman,dcreelmang1@noaa.gov,Male,10.64.68.163
579,Rees,Truckett,rtruckettg2@wikimedia.org,Male,54.233.198.194
580,Emma,Bilofsky,ebilofskyg3@cdbaby.com,Female,233.156.167.248
581,Kerrin,Pierton,kpiertong4@comsenz.com,Female,18.225.68.115
582,Claudian,Saintpierre,csaintpierreg5@dell.com,Male,159.47.131.107
583,Gage,Carp,gcarpg6@ibm.com,Male,34.155.28.72
584,Chad,Wield,cwieldg7@youtube.com,Male,151.151.19.71
585,Rebecka,Amyes,ramyesg8@ifeng.com,Female,11.249.16.174
586,Renie,Bicknell,rbicknellg9@apple.com,Female,36.134.239.145
587,Venita,MacCleod,vmaccleodga@japanpost.jp,Female,109.158.113.128
588,Curran,Gaine,cgainegb@umich.edu,Male,126.70.89.170
589,Rickie,Cornau,rcornaugc@ucsd.edu,Female,213.140.123.223
590,Aldrich,Behnen,abehnengd@xing.com,Male,41.56.239.241
591,Brit,Unstead,bunsteadge@biglobe.ne.jp,Female,103.35.104.131
592,Delbert,Woolstenholmes,dwoolstenholmesgf@nydailynews.com,Male,129.15.138.225
593,Bernadette,Gately,bgatelygg@blogger.com,Female,243.188.74.156
594,Hugues,Blight,hblightgh@vkontakte.ru,Genderqueer,118.10.96.15
595,Aarika,Jago,ajagogi@noaa.gov,Female,141.150.142.166
596,Moses,Quesne,mquesnegj@irs.gov,Male,157.16.175.91
597,Shanta,Drover,sdrovergk@army.mil,Female,181.157.223.107
598,Artur,Bolt,aboltgl@ox.ac.uk,Male,151.71.72.167
599,Eolande,Thatcher,ethatchergm@mayoclinic.com,Female,236.54.157.169
600,Oliviero,Houliston,ohoulistongn@ask.com,Male,94.36.119.216
601,Steffi,Pardue,sparduego@cloudflare.com,Female,170.7.192.19
602,Jerrilyn,Bennison,jbennisongp@cafepress.com,Polygender,244.235.6.163
603,Cesare,Tirrey,ctirreygq@java.com,Male,83.161.14.251
604,Pen,Stokell,pstokellgr@paginegialle.it,Male,217.229.206.210
605,Gertie,Mundie,gmundiegs@aol.com,Female,183.211.11.104
606,Krishna,Trees,ktreesgt@state.tx.us,Male,199.169.197.149
607,Townie,Rickeard,trickeardgu@exblog.jp,Male,87.203.33.92
608,Merwyn,Klimt,mklimtgv@baidu.com,Male,44.126.28.22
609,Eli,Wicklen,ewicklengw@rakuten.co.jp,Male,169.19.210.211
610,Conant,Jenks,cjenksgx@auda.org.au,Male,246.52.236.8
611,Joan,Gales,jgalesgy@pagesperso-orange.fr,Female,65.199.232.11
612,Laurianne,Hove,lhovegz@vinaora.com,Female,24.75.145.143
613,Cole,Veall,cveallh0@symantec.com,Male,131.145.52.163
614,Lorant,Twinberrow,ltwinberrowh1@sakura.ne.jp,Male,68.104.79.80
615,Cornie,Bovis,cbovish2@etsy.com,Agender,73.130.5.94
616,Ulrich,Cheine,ucheineh3@csmonitor.com,Male,60.193.223.136
617,Tome,Haddington,thaddingtonh4@time.com,Male,182.244.34.179
618,Millie,Bartolomieu,mbartolomieuh5@cornell.edu,Female,36.148.86.249
619,Harrietta,De la Yglesia,hdelayglesiah6@vistaprint.com,Female,46.107.80.220
620,Ellary,Lainton,elaintonh7@latimes.com,Male,119.75.130.59
621,Zorina,Fairfoull,zfairfoullh8@163.com,Female,0.30.123.133
622,Mylo,Prynne,mprynneh9@ycombinator.com,Male,190.229.72.216
623,Gale,Astbery,gastberyha@weebly.com,Genderfluid,24.26.253.84
624,Valera,Monson,vmonsonhb@newyorker.com,Female,126.16.180.37
625,Maureene,Darree,mdarreehc@uiuc.edu,Female,221.153.109.52
626,Blair,de Guerre,bdeguerrehd@goo.gl,Female,211.6.205.58
627,Barnett,Durham,bdurhamhe@parallels.com,Male,93.39.42.173
628,Micky,Pearle,mpearlehf@cdbaby.com,Male,169.230.100.183
629,Ruy,Rakes,rrakeshg@oracle.com,Male,229.0.223.101
630,Rivalee,Spillman,rspillmanhh@topsy.com,Female,76.144.125.122
631,Fletch,Hoff,fhoffhi@netscape.com,Male,200.135.51.62
632,Bob,Gladeche,bgladechehj@histats.com,Male,120.135.111.180
633,Archer,Frantz,afrantzhk@elpais.com,Male,225.176.66.39
634,Link,Purser,lpurserhl@imdb.com,Male,34.237.117.246
635,Dix,Ferre,dferrehm@oakley.com,Female,236.65.133.248
636,Winna,Milnthorpe,wmilnthorpehn@acquirethisname.com,Female,109.72.214.21
637,Graeme,Screech,gscreechho@google.es,Male,49.32.57.5
638,Alina,Ryles,aryleshp@adobe.com,Female,187.6.77.235
639,Carlotta,Bartosinski,cbartosinskihq@reverbnation.com,Female,192.19.209.144
640,Phylys,Whistlecraft,pwhistlecrafthr@uiuc.edu,Female,104.218.94.123
641,Donia,Rumming,drumminghs@china.com.cn,Female,241.77.27.214
642,Zachariah,Seak,zseakht@bbb.org,Male,102.79.174.117
643,Kathi,McNeish,kmcneishhu@hc360.com,Bigender,255.221.124.160
644,Jacques,Zecchi,jzecchihv@epa.gov,Male,51.82.48.138
645,Alfie,Bronot,abronothw@soup.io,Female,112.214.233.120
646,Reube,Brooks,rbrookshx@exblog.jp,Male,211.216.137.218
647,Coretta,Foot,cfoothy@cornell.edu,Female,158.87.236.99
648,Dukie,Chipping,dchippinghz@bloglines.com,Male,68.249.147.87
649,Lorinda,Smorthwaite,lsmorthwaitei0@skype.com,Female,159.242.7.66
650,Christiana,Zum Felde,czumfeldei1@1688.com,Genderfluid,216.73.103.109
651,Tedi,Snoad,tsnoadi2@de.vu,Female,27.155.48.80
652,Briney,Myring,bmyringi3@google.de,Female,126.162.10.163
653,Jazmin,Dax,jdaxi4@upenn.edu,Female,50.130.29.101
654,Jennica,Lumsdale,jlumsdalei5@eventbrite.com,Female,169.249.216.118
655,Lindy,Garrish,lgarrishi6@fastcompany.com,Female,26.244.177.57
656,Kissiah,Worswick,kworswicki7@issuu.com,Female,12.207.11.226
657,Had,Miskelly,hmiskellyi8@ox.ac.uk,Male,86.58.46.103
658,Silvie,Volonte,svolontei9@diigo.com,Female,4.164.216.247
659,Say,Buzza,sbuzzaia@chron.com,Male,253.143.15.9
660,Nadean,Kilmartin,nkilmartinib@cmu.edu,Female,21.230.181.195
661,Quinta,Duro,qduroic@163.com,Female,12.222.252.255
662,Rafaello,Eldrett,reldrettid@samsung.com,Male,191.11.182.53
663,Mercy,D'Acth,mdacthie@hatena.ne.jp,Female,93.162.216.160
664,Melitta,Gascone,mgasconeif@nih.gov,Female,12.159.234.184
665,Cori,Dickens,cdickensig@webs.com,Male,207.75.131.78
666,Karry,Brickell,kbrickellih@salon.com,Female,7.95.59.21
667,Dene,Mohammad,dmohammadii@bing.com,Male,9.75.89.213
668,Che,Langmead,clangmeadij@jalbum.net,Male,242.9.44.95
669,Allie,Yardy,ayardyik@netscape.com,Female,61.238.209.4
670,Reena,Ruffle,rruffleil@barnesandnoble.com,Female,76.136.186.104
671,Bailey,Fallon,bfallonim@mozilla.org,Genderfluid,171.52.178.32
672,Liz,MacLice,lmaclicein@myspace.com,Female,60.137.127.121
673,Bernetta,Middlemass,bmiddlemassio@jugem.jp,Female,102.237.62.34
674,Rhodie,Rewcassell,rrewcassellip@jalbum.net,Polygender,75.130.245.140
675,Agustin,Stampe,astampeiq@goo.ne.jp,Male,145.170.37.184
676,Peyton,Cosbey,pcosbeyir@icio.us,Male,49.38.115.11
677,Ray,Yitzhok,ryitzhokis@delicious.com,Non-binary,3.42.123.6
678,Stanley,Swadlen,sswadlenit@fotki.com,Male,86.88.104.63
679,Genevieve,Pendrick,gpendrickiu@hubpages.com,Genderqueer,105.75.169.149
680,Mandy,Wiper,mwiperiv@squidoo.com,Female,22.81.45.229
681,Radcliffe,Bibbie,rbibbieiw@ucsd.edu,Male,211.103.73.114
682,Cecil,Woolfall,cwoolfallix@answers.com,Female,209.249.47.153
683,Jennee,Dwyer,jdwyeriy@weather.com,Female,202.110.169.210
684,Max,Lakeland,mlakelandiz@amazon.co.uk,Male,233.154.49.38
685,Andonis,Etchells,aetchellsj0@exblog.jp,Male,28.237.53.71
686,Elspeth,Tabord,etabordj1@patch.com,Female,109.6.40.232
687,Laney,Dauncey,ldaunceyj2@slideshare.net,Genderfluid,189.12.238.232
688,Richard,Sprey,rspreyj3@flavors.me,Male,5.107.141.70
689,Rodolph,Bottell,rbottellj4@so-net.ne.jp,Male,57.48.84.154
690,Delmor,Lemerie,dlemeriej5@spotify.com,Male,19.214.118.245
691,Diann,Mangion,dmangionj6@amazon.co.uk,Genderqueer,205.142.113.17
692,Ruben,Moodey,rmoodeyj7@upenn.edu,Agender,246.20.213.120
693,Brennan,Confait,bconfaitj8@disqus.com,Agender,192.21.55.146
694,Crista,Olensby,colensbyj9@vinaora.com,Genderqueer,218.230.82.115
695,Alex,Muirhead,amuirheadja@google.it,Female,70.252.83.41
696,Alys,Lanfer,alanferjb@topsy.com,Female,26.223.72.248
697,Gabi,Seale,gsealejc@naver.com,Female,102.150.144.227
698,Creigh,Sibbert,csibbertjd@shareasale.com,Male,49.146.142.10
699,Athene,Camili,acamilije@narod.ru,Female,218.91.217.13
700,Selle,Blew,sblewjf@vinaora.com,Female,85.141.186.179
701,Ron,Sabater,rsabaterjg@naver.com,Male,136.110.222.36
702,Annalise,Wardroper,awardroperjh@accuweather.com,Female,105.207.186.228
703,Olympie,Stapleton,ostapletonji@fema.gov,Female,4.208.146.54
704,Juliann,Sherrott,jsherrottjj@admin.ch,Female,255.186.221.36
705,Vladamir,Tamplin,vtamplinjk@multiply.com,Male,209.150.248.61
706,Glynn,Ameer-Beg,gameerbegjl@shutterfly.com,Male,189.6.193.51
707,Odille,Ofer,ooferjm@infoseek.co.jp,Female,174.127.184.200
708,Vivi,Ashlin,vashlinjn@shop-pro.jp,Female,251.191.242.156
709,Roy,Caddie,rcaddiejo@github.com,Male,244.190.100.162
710,Evonne,Shooter,eshooterjp@taobao.com,Female,97.151.32.190
711,Isacco,Arber,iarberjq@yandex.ru,Male,85.35.145.6
712,Lezley,Carlo,lcarlojr@samsung.com,Male,224.27.25.214
713,Aylmer,Scotchmer,ascotchmerjs@cocolog-nifty.com,Male,93.42.206.154
714,Shandy,Gonthard,sgonthardjt@ask.com,Female,231.126.213.84
715,Miller,Shasnan,mshasnanju@nationalgeographic.com,Male,4.13.183.53
716,Tracey,Arnaudi,tarnaudijv@mapy.cz,Male,225.195.49.101
717,Nataniel,Doull,ndoulljw@washington.edu,Male,20.204.55.70
718,Alonso,Hateley,ahateleyjx@jugem.jp,Male,190.228.138.127
719,Lemmie,Badder,lbadderjy@weather.com,Male,205.100.56.85
720,Fayre,Valentine,fvalentinejz@google.ca,Female,186.73.168.90
721,Clare,Longbottom,clongbottomk0@kickstarter.com,Female,150.98.70.188
722,Norina,Matis,nmatisk1@bloomberg.com,Female,178.215.247.15
723,Nye,Leaton,nleatonk2@dyndns.org,Male,46.252.243.40
724,Alanson,Wessell,awessellk3@scribd.com,Male,203.222.195.103
725,Richy,Duny,rdunyk4@wordpress.com,Male,63.144.194.74
726,Cyrus,Winchcomb,cwinchcombk5@newsvine.com,Male,164.204.82.38
727,Garnet,Boles,gbolesk6@nytimes.com,Female,227.131.200.136
728,Matthiew,Madoc-Jones,mmadocjonesk7@elpais.com,Male,105.42.5.196
729,Felicia,Finlan,ffinlank8@auda.org.au,Genderfluid,205.147.97.213
730,Nessy,Rantoull,nrantoullk9@nsw.gov.au,Female,169.205.156.140
731,Christan,Tant,ctantka@plala.or.jp,Female,60.19.138.232
732,Henrie,McGow,hmcgowkb@hao123.com,Female,184.251.35.248
733,Andros,Kemell,akemellkc@spotify.com,Male,110.103.105.7
734,Bone,Lohoar,blohoarkd@shutterfly.com,Male,153.206.181.177
735,Noby,Comolli,ncomollike@xrea.com,Male,222.214.171.57
736,Pamella,Hynde,phyndekf@4shared.com,Genderqueer,196.68.17.209
737,Ardelia,Chadwen,achadwenkg@bing.com,Female,44.117.48.177
738,Justen,Lis,jliskh@go.com,Male,158.209.180.46
739,Francis,Harron,fharronki@bbc.co.uk,Male,6.168.119.187
740,Stuart,Wordesworth,swordesworthkj@foxnews.com,Male,35.201.134.18
741,Rich,Sails,rsailskk@booking.com,Male,153.190.98.53
742,Flem,Wildes,fwildeskl@ox.ac.uk,Male,185.100.195.208
743,Kerstin,Klagge,kklaggekm@home.pl,Female,91.191.4.241
744,Terrye,Smallman,tsmallmankn@taobao.com,Female,136.224.39.253
745,Griffie,Gennrich,ggennrichko@smugmug.com,Male,149.171.223.26
746,Roanne,Bordiss,rbordisskp@arstechnica.com,Female,89.51.250.143
747,Lottie,Littleover,llittleoverkq@cmu.edu,Female,59.229.47.52
748,Malchy,Cromleholme,mcromleholmekr@istockphoto.com,Male,41.202.137.225
749,Jamie,Yerrill,jyerrillks@imageshack.us,Male,108.0.220.138
750,Beniamino,Alders,balderskt@scientificamerican.com,Male,4.223.245.14
751,Cecelia,Lakeland,clakelandku@mashable.com,Female,99.96.96.108
752,Frederik,Grant,fgrantkv@sina.com.cn,Male,199.226.228.163
753,Carlie,Smallridge,csmallridgekw@nhs.uk,Bigender,176.169.188.181
754,Persis,Willmer,pwillmerkx@pcworld.com,Female,39.35.63.172
755,Melisande,Richardin,mrichardinky@youku.com,Female,234.150.57.32
756,Maxie,Irwin,mirwinkz@ibm.com,Agender,255.85.46.173
757,Chas,Wohler,cwohlerl0@biglobe.ne.jp,Genderfluid,127.251.201.214
758,Pepi,Liversedge,pliversedgel1@reference.com,Genderfluid,147.65.140.22
759,Raffaello,Thiolier,rthiolierl2@cdbaby.com,Male,20.157.74.22
760,Danny,Hoofe,dhoofel3@chron.com,Female,195.236.215.244
761,Elysha,Smyth,esmythl4@un.org,Genderfluid,140.121.98.176
762,Arabela,Emsley,aemsleyl5@cdbaby.com,Female,180.23.80.14
763,Belita,Joannet,bjoannetl6@mashable.com,Female,33.196.44.237
764,Freemon,MacLucais,fmaclucaisl7@homestead.com,Male,141.14.28.42
765,Roxi,McLarty,rmclartyl8@newyorker.com,Genderqueer,92.100.152.130
766,Ravid,Renison,rrenisonl9@geocities.com,Male,118.38.157.223
767,Jena,Polding,jpoldingla@flavors.me,Female,213.187.179.30
768,Mag,Glasscoe,mglasscoelb@icio.us,Female,121.100.8.223
769,Paton,Brookzie,pbrookzielc@purevolume.com,Male,120.245.112.13
770,Ilse,Harte,iharteld@ow.ly,Female,159.147.156.45
771,Rosita,Elcom,relcomle@ezinearticles.com,Female,84.204.110.206
772,Tiffie,Middlemiss,tmiddlemisslf@weather.com,Female,60.188.27.172
773,Steffen,MacTrustey,smactrusteylg@canalblog.com,Male,149.253.162.150
774,Ned,Samwyse,nsamwyselh@geocities.com,Male,143.145.199.129
775,Tarrance,Schimonek,tschimonekli@hugedomains.com,Male,112.245.35.187
776,Tyson,Vaux,tvauxlj@nps.gov,Male,6.50.174.193
777,Alfie,Lunnon,alunnonlk@simplemachines.org,Genderfluid,192.35.139.240
778,Lian,Bleaden,lbleadenll@fotki.com,Female,204.105.183.60
779,Nissie,Delacroux,ndelacrouxlm@exblog.jp,Female,87.130.12.129
780,Stanislaus,Chellingworth,schellingworthln@facebook.com,Male,248.18.125.190
781,Raddie,Melonby,rmelonbylo@va.gov,Male,244.175.69.100
782,Boyd,Westpfel,bwestpfellp@mac.com,Non-binary,86.120.148.93
783,Melisa,Vine,mvinelq@vkontakte.ru,Female,145.88.147.240
784,Tadeo,Brimacombe,tbrimacombelr@eventbrite.com,Male,105.139.251.155
785,Mead,Bonnesen,mbonnesenls@vistaprint.com,Female,86.113.184.88
786,Chance,Belasco,cbelascolt@craigslist.org,Male,52.128.228.127
787,Wes,Bock,wbocklu@theatlantic.com,Male,5.244.148.97
788,Erin,Dubbin,edubbinlv@google.nl,Female,152.161.90.231
789,Nessi,Swindon,nswindonlw@chronoengine.com,Female,2.74.182.36
790,Cyndi,Ickov,cickovlx@biblegateway.com,Female,124.171.124.82
791,Merle,Berryann,mberryannly@moonfruit.com,Female,13.153.99.236
792,Dallis,Bycraft,dbycraftlz@nature.com,Male,244.92.76.50
793,Benedicta,Coon,bcoonm0@ameblo.jp,Female,102.3.34.34
794,Perceval,Shimuk,pshimukm1@dedecms.com,Male,151.20.39.230
795,Con,Milch,cmilchm2@imageshack.us,Male,249.39.119.120
796,Rodolph,Gusticke,rgustickem3@indiegogo.com,Male,18.36.87.238
797,Emery,Lanchbery,elanchberym4@addtoany.com,Male,203.24.63.202
798,Tersina,Saberton,tsabertonm5@github.com,Female,10.23.95.49
799,Free,Newvell,fnewvellm6@sakura.ne.jp,Male,228.102.144.80
800,Yale,Brameld,ybrameldm7@harvard.edu,Male,20.165.175.18
801,Crosby,Hackforth,chackforthm8@telegraph.co.uk,Male,8.189.72.164
802,Heddie,Jurs,hjursm9@independent.co.uk,Female,121.40.18.124
803,Marrissa,Alvar,malvarma@cbslocal.com,Female,176.98.86.139
804,Land,Oen,loenmb@psu.edu,Male,233.70.56.26
805,Sunny,Adamowicz,sadamowiczmc@tripadvisor.com,Male,155.33.18.162
806,Drugi,Morsom,dmorsommd@cdc.gov,Male,14.125.219.143
807,Janina,Goreway,jgorewayme@linkedin.com,Female,32.139.50.112
808,Husain,Bradtke,hbradtkemf@artisteer.com,Male,62.6.4.225
809,Averil,Benzie,abenziemg@oracle.com,Male,54.233.246.180
810,Jedidiah,Wearden,jweardenmh@blogspot.com,Male,142.142.227.247
811,Gabi,Phelipeau,gphelipeaumi@nyu.edu,Female,39.17.108.55
812,Roxi,Shirtliff,rshirtliffmj@pinterest.com,Polygender,75.78.230.85
813,Bartholemy,Schrader,bschradermk@hao123.com,Male,154.95.179.184
814,Alfreda,Walkden,awalkdenml@purevolume.com,Female,34.27.18.64
815,Aurie,Devenny,adevennymm@wordpress.com,Female,173.47.146.220
816,Irene,Oakshott,ioakshottmn@hao123.com,Female,209.71.41.199
817,Vaughn,Espinay,vespinaymo@vk.com,Male,173.242.165.71
818,Godwin,Dundendale,gdundendalemp@pcworld.com,Polygender,61.150.74.203
819,Prentiss,Reaveley,preaveleymq@patch.com,Male,179.181.36.244
820,Dodi,Bedder,dbeddermr@nih.gov,Female,175.13.179.139
821,Winnie,Duddin,wduddinms@pagesperso-orange.fr,Female,88.178.203.145
822,Cindy,Abell,cabellmt@last.fm,Female,192.108.199.51
823,Aggy,Cheatle,acheatlemu@dmoz.org,Female,15.56.0.234
824,Sheila-kathryn,Tudgay,studgaymv@digg.com,Female,125.76.128.114
825,Avivah,Acaster,aacastermw@123-reg.co.uk,Female,218.232.179.24
826,Gale,Leeds,gleedsmx@google.nl,Female,100.220.183.119
827,Bram,Vonderdell,bvonderdellmy@toplist.cz,Male,22.110.177.230
828,Heindrick,Sabathier,hsabathiermz@stumbleupon.com,Agender,111.178.51.124
829,Elianora,Kindred,ekindredn0@whitehouse.gov,Genderqueer,53.208.175.245
830,Foss,Boeter,fboetern1@nsw.gov.au,Male,164.194.206.11
831,Bentley,Shine,bshinen2@icio.us,Male,243.88.9.213
832,Vinny,Anney,vanneyn3@bandcamp.com,Polygender,56.130.11.226
833,Ina,Gullan,igullann4@printfriendly.com,Female,29.39.3.40
834,Rhea,Learoyde,rlearoyden5@dedecms.com,Agender,190.62.155.187
835,Loleta,Mangon,lmangonn6@apple.com,Female,150.55.156.90
836,Luis,Rehm,lrehmn7@army.mil,Male,105.197.139.147
837,Sophronia,Delouch,sdelouchn8@mashable.com,Agender,139.45.141.202
838,Dre,Veasey,dveaseyn9@com.com,Female,97.119.16.190
839,Allistir,Harlett,aharlettna@answers.com,Male,226.85.48.254
840,Leona,Littlejohn,llittlejohnnb@stumbleupon.com,Female,229.112.94.56
841,Josias,Cornthwaite,jcornthwaitenc@yellowpages.com,Male,126.37.6.56
842,Frayda,Bernth,fbernthnd@alexa.com,Female,68.117.0.1
843,Calhoun,Ruckert,cruckertne@networksolutions.com,Male,46.75.43.132
844,Hastie,McCurtain,hmccurtainnf@joomla.org,Male,102.126.96.200
845,Marquita,Benallack,mbenallackng@msn.com,Female,40.37.159.120
846,Gaynor,Morrid,gmorridnh@uol.com.br,Female,185.65.46.26
847,Mufi,Merrifield,mmerrifieldni@cloudflare.com,Female,12.187.246.255
848,Sven,Bridgland,sbridglandnj@phoca.cz,Male,85.176.51.92
849,Datha,Capnor,dcapnornk@psu.edu,Female,21.245.27.126
850,Karlie,Radage,kradagenl@admin.ch,Polygender,20.226.47.204
851,Janelle,Capper,jcappernm@ibm.com,Female,235.169.229.207
852,Berthe,Bulstrode,bbulstrodenn@zimbio.com,Female,176.200.246.237
853,Guinna,Beavan,gbeavanno@nationalgeographic.com,Female,179.197.49.35
854,Ramsey,Dowall,rdowallnp@imageshack.us,Male,186.49.127.235
855,Iago,Swannell,iswannellnq@netlog.com,Male,132.5.84.98
856,Nissa,Studart,nstudartnr@time.com,Female,223.21.219.173
857,Niall,Adenet,nadenetns@google.ru,Male,120.218.212.145
858,Olga,Coils,ocoilsnt@phpbb.com,Female,210.40.138.249
859,Gabby,Simonelli,gsimonellinu@unblog.fr,Genderfluid,185.127.47.192
860,Ange,Darwood,adarwoodnv@theatlantic.com,Female,110.8.218.69
861,Dorine,Instone,dinstonenw@dyndns.org,Polygender,238.29.107.247
862,Arther,Ewols,aewolsnx@youku.com,Male,113.162.243.13
863,Rosemarie,Hethron,rhethronny@angelfire.com,Female,4.184.95.169
864,Friederike,Abrahmovici,fabrahmovicinz@de.vu,Female,191.164.28.113
865,Donnie,Ablewhite,dablewhiteo0@bing.com,Male,113.203.158.230
866,Jocelyn,Wharton,jwhartono1@behance.net,Female,106.104.27.5
867,Falkner,Cawdell,fcawdello2@weebly.com,Male,13.209.252.192
868,Cazzie,Yankov,cyankovo3@360.cn,Male,86.233.236.146
869,Bari,Dober,bdobero4@guardian.co.uk,Female,142.73.189.195
870,Brandea,Turfin,bturfino5@wikia.com,Female,207.120.2.102
871,Myrwyn,Barrable,mbarrableo6@themeforest.net,Male,88.56.5.95
872,Jason,Tungate,jtungateo7@wufoo.com,Male,102.104.237.54
873,Herminia,Somerled,hsomerledo8@dmoz.org,Female,179.94.232.197
874,Fredia,Mews,fmewso9@flavors.me,Bigender,41.75.200.85
875,Lemmy,Deaville,ldeavilleoa@timesonline.co.uk,Male,115.163.49.237
876,Bobinette,Rolfi,brolfiob@state.tx.us,Female,58.238.110.126
877,Linc,Vertigan,lvertiganoc@g.co,Male,94.106.76.103
878,Lauree,Byars,lbyarsod@census.gov,Female,172.227.98.97
879,Georgi,Griffith,ggriffithoe@ebay.com,Male,152.181.247.109
880,Faythe,MacMaster,fmacmasterof@yahoo.co.jp,Non-binary,214.25.170.240
881,Gennifer,Dowderswell,gdowderswellog@nationalgeographic.com,Female,73.250.79.109
882,Joni,Vinas,jvinasoh@amazon.co.uk,Female,182.113.153.97
883,Kit,Lipscomb,klipscomboi@sitemeter.com,Male,179.12.253.98
884,Vidovik,Cunde,vcundeoj@mail.ru,Male,245.103.141.200
885,Tara,Bastin,tbastinok@smugmug.com,Female,165.163.243.170
886,Giacinta,Sings,gsingsol@desdev.cn,Female,160.115.217.20
887,Shelden,Manchett,smanchettom@1und1.de,Male,137.122.233.77
888,Constantino,Carnier,ccarnieron@globo.com,Male,178.102.106.7
889,Sally,MacAllister,smacallisteroo@bbb.org,Female,54.130.61.80
890,Robinia,Osgarby,rosgarbyop@geocities.jp,Female,214.74.24.174
891,Mayer,Ketts,mkettsoq@slate.com,Male,240.29.70.197
892,Beauregard,Ciccottio,bciccottioor@auda.org.au,Male,168.135.110.40
893,Madge,Beckmann,mbeckmannos@reddit.com,Female,30.133.181.94
894,Kaylee,Fishleigh,kfishleighot@domainmarket.com,Female,47.226.39.159
895,Karylin,Bynert,kbynertou@free.fr,Female,64.161.85.194
896,Irena,Baud,ibaudov@house.gov,Female,231.36.84.183
897,Gris,Venour,gvenourow@blogtalkradio.com,Male,169.14.116.119
898,Heywood,Feehan,hfeehanox@epa.gov,Male,209.27.18.6
899,Tarah,Ferryman,tferrymanoy@cafepress.com,Female,115.151.189.104
900,Donica,Rowe,droweoz@sun.com,Female,175.33.9.45
901,Bendite,Poynor,bpoynorp0@mediafire.com,Female,179.139.160.2
902,Quintilla,Ebbrell,qebbrellp1@reddit.com,Female,57.217.214.226
903,Hoyt,Doody,hdoodyp2@creativecommons.org,Male,176.221.99.79
904,Gordie,Cobleigh,gcobleighp3@cdc.gov,Male,94.1.83.105
905,Welch,Filyaev,wfilyaevp4@ustream.tv,Male,59.165.57.222
906,Benoite,Leishman,bleishmanp5@nydailynews.com,Female,54.147.166.248
907,Christiano,Whissell,cwhissellp6@nytimes.com,Male,45.195.86.255
908,Jerrie,Willcott,jwillcottp7@latimes.com,Male,165.44.191.40
909,Evita,Skone,eskonep8@ebay.co.uk,Female,136.41.31.89
910,Luce,Westmore,lwestmorep9@tumblr.com,Genderqueer,12.193.147.207
911,Ediva,Arckoll,earckollpa@adobe.com,Female,241.0.48.204
912,Hilarius,Pepi,hpepipb@tuttocitta.it,Male,119.248.28.78
913,Almeta,Branscombe,abranscombepc@dagondesign.com,Bigender,255.13.85.87
914,Tripp,Croall,tcroallpd@angelfire.com,Male,32.1.56.238
915,Harrison,Ascraft,hascraftpe@yellowbook.com,Male,189.3.195.18
916,Lance,McKitterick,lmckitterickpf@networksolutions.com,Male,198.29.157.81
917,Leah,Halsted,lhalstedpg@indiatimes.com,Female,26.195.188.74
918,Beitris,McDugal,bmcdugalph@google.es,Female,240.252.150.195
919,Hurley,Bims,hbimspi@wordpress.org,Male,223.46.210.118
920,Tucker,Farlham,tfarlhampj@bing.com,Male,3.71.188.138
921,Jen,Brauninger,jbrauningerpk@smh.com.au,Female,71.196.86.51
922,Gail,Brosius,gbrosiuspl@ucoz.ru,Male,240.101.47.226
923,Joe,Garvie,jgarviepm@histats.com,Male,53.167.76.182
924,Suzi,Osmond,sosmondpn@utexas.edu,Female,53.253.25.117
925,Saunderson,Edards,sedardspo@comcast.net,Male,66.177.235.94
926,Dal,Kimblen,dkimblenpp@twitpic.com,Male,82.178.70.135
927,Cosette,Jobe,cjobepq@nymag.com,Female,254.178.118.32
928,Nickolas,Newns,nnewnspr@trellian.com,Genderqueer,77.194.110.5
929,Delphine,Cuttell,dcuttellps@dyndns.org,Female,47.144.115.183
930,Aubert,Lynes,alynespt@wordpress.com,Male,169.239.16.72
931,Siward,Pinckard,spinckardpu@alexa.com,Male,104.133.66.221
932,Urbain,Dollimore,udollimorepv@wikipedia.org,Male,9.186.112.31
933,Nelle,McCullouch,nmccullouchpw@1und1.de,Female,233.94.50.59
934,Ross,Dagnall,rdagnallpx@npr.org,Male,136.99.255.4
935,Colas,Marchbank,cmarchbankpy@goo.ne.jp,Male,222.61.188.101
936,Kliment,Jarritt,kjarrittpz@independent.co.uk,Male,245.128.136.45
937,Tito,Posen,tposenq0@google.fr,Male,52.100.39.228
938,Moshe,McAlinden,mmcalindenq1@fotki.com,Male,44.218.23.177
939,Margaux,O'Spellissey,mospellisseyq2@bbc.co.uk,Female,221.199.2.184
940,Janessa,Brugger,jbruggerq3@slashdot.org,Female,66.174.175.191
941,Lindsey,Huggill,lhuggillq4@nsw.gov.au,Female,70.211.56.64
942,Neils,Manchett,nmanchettq5@cnn.com,Male,183.90.16.250
943,Claudelle,Loving,clovingq6@ustream.tv,Female,74.46.108.11
944,Godart,Geary,ggearyq7@technorati.com,Male,223.179.10.54
945,Hayyim,Wride,hwrideq8@samsung.com,Male,134.135.92.84
946,Rebekah,Antoshin,rantoshinq9@phoca.cz,Female,65.125.188.187
947,Kimbell,Storrier,kstorrierqa@cdc.gov,Male,169.245.201.105
948,Lincoln,Kitchingham,lkitchinghamqb@craigslist.org,Male,162.106.160.252
949,Nicki,O'Devey,nodeveyqc@indiegogo.com,Female,141.107.108.183
950,Janel,Fransoni,jfransoniqd@bandcamp.com,Female,243.80.181.124
951,Glenda,Stafford,gstaffordqe@ask.com,Female,15.33.107.239
952,Lonny,Burnie,lburnieqf@wix.com,Male,203.105.146.211
953,Simona,Dobbinson,sdobbinsonqg@shinystat.com,Female,20.159.246.245
954,Aldwin,Lomath,alomathqh@paypal.com,Male,239.225.138.191
955,Clare,Billham,cbillhamqi@bloomberg.com,Female,19.61.77.231
956,Birk,Youings,byouingsqj@etsy.com,Male,180.46.226.251
957,Keriann,Britzius,kbritziusqk@washingtonpost.com,Female,175.254.98.138
958,Marlena,Pahl,mpahlql@alibaba.com,Female,44.239.182.117
959,Domeniga,Tineman,dtinemanqm@oaic.gov.au,Female,103.94.47.48
960,Melly,Dutch,mdutchqn@cisco.com,Female,119.14.167.86
961,Stevana,Warnock,swarnockqo@yellowbook.com,Female,85.196.17.172
962,Breena,Davenhill,bdavenhillqp@imdb.com,Female,46.160.254.250
963,Steven,Morales,smoralesqq@xing.com,Male,119.181.113.217
964,Tedd,Hillborne,thillborneqr@dyndns.org,Male,115.21.185.76
965,Jessey,Tebbit,jtebbitqs@wix.com,Male,157.185.132.63
966,Aleksandr,Twining,atwiningqt@house.gov,Male,93.21.217.103
967,Maritsa,Winterton,mwintertonqu@google.it,Female,203.216.48.212
968,Frazer,Iacobassi,fiacobassiqv@patch.com,Male,130.240.113.149
969,Oneida,Jozefowicz,ojozefowiczqw@tuttocitta.it,Female,67.117.155.33
970,Ethan,Hindrick,ehindrickqx@fotki.com,Male,127.201.233.231
971,Carlee,Tawton,ctawtonqy@mapy.cz,Female,218.100.125.80
972,Paolo,Gatch,pgatchqz@chronoengine.com,Male,108.243.11.28
973,Micki,Petchell,mpetchellr0@so-net.ne.jp,Female,79.220.223.8
974,Marwin,Earsman,mearsmanr1@illinois.edu,Male,224.32.73.114
975,Carol,Cristofori,ccristoforir2@sphinn.com,Female,247.36.126.238
976,Keenan,Camier,kcamierr3@instagram.com,Male,28.22.9.164
977,Blake,Mosconi,bmosconir4@army.mil,Female,33.229.55.207
978,Maryjane,Sorley,msorleyr5@com.com,Non-binary,151.236.61.112
979,Waylin,Bohlens,wbohlensr6@tripod.com,Male,163.119.25.220
980,Shirline,Howkins,showkinsr7@usatoday.com,Female,82.24.253.20
981,Norah,Tunstall,ntunstallr8@google.com.br,Female,103.249.3.210
982,Adi,Danieli,adanielir9@mozilla.com,Female,145.32.62.127
983,Bentley,Lorait,bloraitra@livejournal.com,Male,193.27.145.190
984,Boigie,Fendlen,bfendlenrb@wikipedia.org,Male,47.79.133.145
985,Celeste,Bendle,cbendlerc@abc.net.au,Female,222.227.1.13
986,Tawnya,Huws,thuwsrd@sfgate.com,Female,209.246.170.101
987,Ivett,Santhouse,isanthousere@thetimes.co.uk,Female,26.229.152.81
988,Natasha,Harrold,nharroldrf@youtu.be,Female,237.22.162.88
989,Caty,Klaiser,cklaiserrg@angelfire.com,Genderfluid,127.104.104.116
990,Krishna,Crumpton,kcrumptonrh@jimdo.com,Male,156.46.244.25
991,Daven,Scarlan,dscarlanri@dell.com,Male,54.237.29.68
992,Trista,Burgher,tburgherrj@craigslist.org,Female,14.177.237.80
993,Rouvin,Deny,rdenyrk@bloomberg.com,Male,240.146.131.60
994,Tyrone,Werlock,twerlockrl@japanpost.jp,Male,205.11.251.181
995,Perri,Rodders,proddersrm@exblog.jp,Female,113.154.246.237
996,Normie,Hambelton,nhambeltonrn@123-reg.co.uk,Male,180.240.158.234
997,Phoebe,Bollam,pbollamro@mashable.com,Female,246.113.142.213
998,Gibb,Primmer,gprimmerrp@skyrock.com,Male,250.198.116.10
999,Aldin,Plumer,aplumerrq@qq.com,Male,165.146.218.50
1000,Vanya,Hollingby,vhollingbyrr@yelp.com,Female,240.8.33.124
